MaxCarbonBudget,MinCarbonBudget,AVGCarbonBudget,HighCarbonBudget,LowCarbonBudget
74580634.45087191,3216305.5818910957,38898470.0163815,56739552.23362671,21057387.7991363
